,Epoch,Generator Loss,Discriminator Loss
0,1,-1.114,0.2678
1,2,-1.7846,0.23
2,3,-2.1013,-0.0465
3,4,-2.1407,0.1099
4,5,-2.3749,-0.0846
5,6,-2.2054,0.2661
6,7,-2.3847,0.0727
7,8,-2.6182,-0.0574
8,9,-2.7998,0.0392
9,10,-2.6305,0.0536
10,11,-2.557,-0.1159
11,12,-2.3914,-0.0446
12,13,-2.3393,-0.0956
13,14,-2.5893,-0.0174
14,15,-2.429,-0.0377
15,16,-2.4411,-0.0904
16,17,-2.3712,-0.2965
17,18,-2.6487,-0.0596
18,19,-2.4712,-0.1922
19,20,-2.4581,0.0378
20,21,-2.6694,-0.021
21,22,-2.4692,0.2686
22,23,-2.4789,-0.179
23,24,-2.801,-0.3316
24,25,-2.5698,-0.2014
25,26,-2.6427,-0.083
26,27,-2.7766,0.0658
27,28,-2.9162,0.2014
28,29,-3.1443,-0.1261
29,30,-3.0088,-0.2488
30,31,-2.9059,-0.0608
31,32,-2.8337,-0.0276
32,33,-2.8714,-0.0075
33,34,-2.7284,0.0129
34,35,-2.7964,-0.0921
35,36,-2.8051,-0.1934
36,37,-2.6836,0.1419
37,38,-3.0996,-0.1002
38,39,-2.8151,-0.0043
39,40,-2.6685,0.2115
40,41,-2.7313,0.128
41,42,-2.6572,-0.1009
42,43,-2.5973,-0.1471
43,44,-2.5475,0.1377
44,45,-2.8682,-0.0522
45,46,-2.9651,0.0298
46,47,-2.8651,-0.1286
47,48,-2.6654,-0.3335
48,49,-2.5858,0.2897
49,50,-2.6769,-0.0665
50,51,-2.4892,-0.0804
51,52,-2.6053,-0.0731
52,53,-2.8055,0.2004
53,54,-2.626,0.0184
54,55,-2.5756,-0.3262
55,56,-2.6512,0.1324
56,57,-2.7269,-0.0585
57,58,-2.7907,-0.1611
58,59,-2.732,0.1204
59,60,-2.5604,0.045
60,61,-2.5417,0.0893
61,62,-2.849,-0.073
62,63,-2.7083,-0.0404
63,64,-2.708,-0.0452
64,65,-2.5438,-0.0166
65,66,-2.7124,0.0207
66,67,-2.7166,-0.0629
67,68,-2.5876,-0.0454
68,69,-2.6826,-0.1819
69,70,-2.6334,0.2493
70,71,-2.6086,0.0294
71,72,-2.6174,0.1699
72,73,-2.7001,0.0654
73,74,-2.5994,0.0717
74,75,-2.7153,-0.0517
75,76,-2.7067,-0.0335
76,77,-2.4375,0.1036
77,78,-2.5404,-0.0381
78,79,-2.6063,0.0218
79,80,-2.7131,0.0543
80,81,-2.676,0.0045
81,82,-2.6172,-0.0533
82,83,-2.6424,-0.024
83,84,-2.6215,0.081
84,85,-2.421,-0.0231
85,86,-2.7796,-0.0948
86,87,-2.4869,0.0415
87,88,-2.656,-0.0703
88,89,-2.6176,0.0341
89,90,-2.5404,-0.0101
90,91,-2.5282,-0.0104
91,92,-2.5717,-0.0439
92,93,-2.6831,0.0017
93,94,-2.6678,0.1358
94,95,-2.5011,-0.1014
95,96,-2.5197,0.0106
96,97,-2.4227,-0.0039
97,98,-2.4714,-0.0081
98,99,-2.6481,-0.0477
99,100,-2.6654,0.0093
100,101,-2.6016,-0.141
101,102,-2.4786,-0.0948
102,103,-2.5258,-0.0748
103,104,-2.514,0.2496
104,105,-2.6012,-0.0311
105,106,-2.3213,0.0802
106,107,-2.4837,0.0401
107,108,-2.2984,0.1468
108,109,-2.439,-0.0922
109,110,-2.4579,-0.1038
110,111,-2.5229,0.1161
111,112,-2.5311,-0.1164
112,113,-2.2864,-0.0645
113,114,-2.5831,0.0352
114,115,-2.4916,-0.1204
115,116,-2.5201,0.0488
116,117,-2.4074,-0.0494
117,118,-2.4997,0.0144
118,119,-2.5114,0.0264
119,120,-2.3099,-0.0248
120,121,-2.4719,-0.0272
121,122,-2.5319,-0.0568
122,123,-2.29,0.0398
123,124,-2.4454,0.0144
124,125,-2.509,-0.1268
125,126,-2.3229,-0.0571
126,127,-2.5116,0.052
127,128,-2.2943,0.036
128,129,-2.4065,0.0338
129,130,-2.5654,-0.0071
130,131,-2.4887,0.0367
131,132,-2.3999,0.039
132,133,-2.3716,-0.0077
133,134,-2.436,0.0283
134,135,-2.4176,0.0089
135,136,-2.1665,-0.1518
136,137,-2.4907,0.1132
137,138,-2.2632,0.034
138,139,-2.4849,-0.1753
139,140,-2.4222,-0.0265
140,141,-2.4295,-0.0751
141,142,-2.5538,-0.0463
142,143,-2.4773,-0.1215
143,144,-2.6117,-0.0865
144,145,-2.538,-0.1877
145,146,-2.4637,-0.1238
146,147,-2.4276,-0.0742
147,148,-2.6584,-0.1098
148,149,-2.5362,-0.0592
149,150,-2.2312,0.0941
150,151,-2.3366,0.0157
151,152,-2.4238,-0.1884
152,153,-2.5999,-0.0412
153,154,-2.3064,-0.0099
154,155,-2.4656,-0.0798
155,156,-2.4549,-0.2386
156,157,-2.31,-0.0799
157,158,-2.3909,0.0942
158,159,-2.2566,0.0029
159,160,-2.6016,-0.0074
160,161,-2.7477,0.0613
161,162,-2.5069,0.0931
162,163,-2.398,0.1331
163,164,-2.7283,-0.0853
164,165,-2.4502,0.1236
165,166,-2.3365,0.1216
166,167,-2.4963,-0.1431
167,168,-2.4805,-0.1235
168,169,-2.4893,-0.0312
169,170,-2.673,-0.1392
170,171,-2.9409,-0.0307
171,172,-2.4048,-0.1561
172,173,-2.4617,0.1894
173,174,-2.4302,-0.0377
174,175,-2.2112,0.1444
175,176,-2.6416,-0.2447
176,177,-2.8764,-0.0224
177,178,-2.4983,-0.0429
178,179,-2.5267,0.1474
179,180,-2.3715,-0.1835
180,181,-2.3385,-0.0336
181,182,-2.5606,0.0877
182,183,-2.9026,-0.1704
183,184,-2.4168,-0.0845
184,185,-2.6539,0.2227
185,186,-2.6617,-0.3031
186,187,-2.4482,0.1733
187,188,-2.1848,-0.0068
188,189,-2.0183,0.1702
189,190,-2.5864,-0.1403
190,191,-2.175,0.1607
191,192,-2.1758,0.0014
192,193,-2.7688,-0.1828
193,194,-2.5046,-0.2794
194,195,-2.2234,-0.2994
195,196,-2.7382,0.0243
196,197,-2.1102,0.1381
197,198,-2.1587,-0.0886
198,199,-2.0626,0.0249
199,200,-2.5024,0.1388
200,201,-1.6414,-0.0669
201,202,-2.3765,-0.0461
202,203,-2.0867,0.2213
203,204,-1.3025,0.3012
204,205,-3.1339,-0.0674
205,206,-1.4831,0.1166
206,207,-2.747,0.1609
207,208,-2.2607,-0.0703
208,209,-2.3664,-0.0024
209,210,-1.9824,-0.3597
210,211,-2.281,-0.0508
211,212,-1.8013,-0.059
212,213,-2.2425,0.0435
213,214,-2.7173,0.231
214,215,-1.963,0.0517
215,216,-2.0682,0.055
216,217,-1.9714,-0.1532
217,218,-1.94,-0.0785
218,219,-2.495,-0.0291
219,220,-1.4052,-0.1161
220,221,-1.7822,0.255
221,222,-1.6094,-0.0502
222,223,-1.9167,0.2042
223,224,-2.4254,-0.293
224,225,-2.1936,0.2487
225,226,-1.9479,-0.6699
226,227,-0.624,0.0753
227,228,-1.3227,0.4248
228,229,-1.6582,-0.0798
229,230,-2.3148,-0.2119
230,231,-1.1264,-0.0028
231,232,-0.6173,0.2108
232,233,-1.7186,0.6643
233,234,-1.8993,0.094
234,235,-1.6465,-0.3259
235,236,-1.2842,-0.1429
236,237,-0.3231,0.2574
237,238,-1.9513,0.4417
238,239,-0.7662,0.1054
239,240,-1.7715,-0.4267
240,241,-1.796,0.1089
241,242,-0.4631,-0.3037
242,243,-1.2036,-0.0204
243,244,-1.2715,0.0702
244,245,-0.6223,0.1444
245,246,-0.8097,0.1087
246,247,-1.5631,-0.3189
247,248,-0.4239,0.2543
248,249,-0.8676,-0.1468
249,250,-0.1586,-0.2728
250,251,-1.1099,0.2092
251,252,-1.4318,0.6641
252,253,-1.1564,0.3244
253,254,-0.3148,0.3095
254,255,0.0039,0.0284
255,256,-0.2516,-0.5938
256,257,-0.4239,0.6758
257,258,-1.483,0.0092
258,259,-0.7426,0.4892
259,260,-0.6633,0.0415
260,261,-0.75,0.0248
261,262,-1.025,0.2877
262,263,-1.3529,-0.1236
263,264,-0.671,0.4057
264,265,-0.7071,-0.1979
265,266,-0.8006,-0.2168
266,267,-0.7507,-0.4323
267,268,-1.384,-0.6842
268,269,-1.114,0.5646
269,270,-0.5472,0.7375
270,271,-1.0832,-0.0173
271,272,-1.2869,0.3617
272,273,-0.7436,-0.0813
273,274,-0.5453,-0.166
274,275,-0.6753,-0.4752
275,276,-0.5285,-0.205
276,277,-0.427,-0.5453
277,278,-0.6775,-0.0291
278,279,-0.0023,-0.2608
279,280,0.0613,0.8908
280,281,-0.1683,0.3523
281,282,-0.4848,-0.5924
282,283,-0.439,0.1719
283,284,-0.378,-0.1306
284,285,-0.1179,0.3078
285,286,-0.6284,0.4384
286,287,-0.6546,-0.7846
287,288,0.5703,-0.3588
288,289,0.8246,-0.1878
289,290,0.2711,-0.0518
290,291,-0.0846,-0.2892
291,292,-0.3174,-0.3934
292,293,0.296,0.6004
293,294,0.0788,-0.3331
294,295,0.0849,0.2924
295,296,-0.8286,-0.7245
296,297,-0.8014,0.1665
297,298,1.0516,0.362
298,299,-0.0216,-0.5693
299,300,0.1136,-0.3091
